num_labeled,mean,median
85,0.2451706931208326,0.2128926059137722
105,0.2309451322602201,0.1994613841246499
125,0.2540887774788713,0.21600000000000003
145,0.26072986170530177,0.22304507878529106
165,0.27693198580540485,0.23575943713928318
185,0.29321704401181004,0.2530875701906562
204,0.2965376083931726,0.25412697390946115
